{
  "collapse-filter": true,
  "search": "",
  "showTags": false,
  "showAttachments": false,
  "hideUnresolved": false,
  "showOrphans": true,
  "collapse-color-groups": true,
  "colorGroups": [],
  "collapse-display": true,
  "showArrow": false,
  "textFadeMultiplier": 0,
  "nodeSizeMultiplier": 1.00202506689199,
  "lineSizeMultiplier": 5,
  "collapse-forces": false,
  "centerStrength": 0.824278270666103,
  "repelStrength": 20,
  "linkStrength": 1,
  "linkDistance": 30,
  "scale": 2.046962978470241,
  "close": true
}