{
  "main": {
    "id": "cdee3b56f05e8ade",
    "type": "split",
    "children": [
      {
        "id": "9566647f0cf06a39",
        "type": "tabs",
        "children": [
          {
            "id": "7ca09f6399ceccc4",
            "type": "leaf",
            "state": {
              "type": "markdown",
              "state": {
                "file": "Conclusion.md",
                "mode": "source",
                "source": false
              }
            }
          },
          {
            "id": "7dfa21832a03fa87",
            "type": "leaf",
            "state": {
              "type": "empty",
              "state": {}
            }
          }
        ],
        "currentTab": 1,
        "stacked": true
      }
    ],
    "direction": "vertical"
  },
  "left": {
    "id": "f12a7a6dfb334041",
    "type": "split",
    "children": [
      {
        "id": "58867c935cc4d991",
        "type": "tabs",
        "children": [
          {
            "id": "17338b518b8bb843",
            "type": "leaf",
            "state": {
              "type": "file-explorer",
              "state": {
                "sortOrder": "alphabetical"
              }
            }
          },
          {
            "id": "94b896d0204a1996",
            "type": "leaf",
            "state": {
              "type": "search",
              "state": {
                "query": "",
                "matchingCase": false,
                "explainSearch": false,
                "collapseAll": false,
                "extraContext": false,
                "sortOrder": "alphabetical"
              }
            }
          },
          {
            "id": "e5cd5921863ce441",
            "type": "leaf",
            "state": {
              "type": "bookmarks",
              "state": {}
            }
          }
        ]
      }
    ],
    "direction": "horizontal",
    "width": 300,
    "collapsed": true
  },
  "right": {
    "id": "d2f4fdbb5c4633c5",
    "type": "split",
    "children": [
      {
        "id": "8ae8cd1a0041044b",
        "type": "tabs",
        "children": [
          {
            "id": "eaa34b9969fdbd95",
            "type": "leaf",
            "state": {
              "type": "backlink",
              "state": {
                "collapseAll": false,
                "extraContext": false,
                "sortOrder": "alphabetical",
                "showSearch": false,
                "searchQuery": "",
                "backlinkCollapsed": false,
                "unlinkedCollapsed": true
              }
            }
          },
          {
            "id": "d9075c4ea6d044ad",
            "type": "leaf",
            "state": {
              "type": "outgoing-link",
              "state": {
                "linksCollapsed": false,
                "unlinkedCollapsed": true
              }
            }
          },
          {
            "id": "12dc80a02b9a47fe",
            "type": "leaf",
            "state": {
              "type": "tag",
              "state": {
                "sortOrder": "frequency",
                "useHierarchy": true
              }
            }
          },
          {
            "id": "de3c435f4f060fec",
            "type": "leaf",
            "state": {
              "type": "outline",
              "state": {}
            }
          }
        ]
      }
    ],
    "direction": "horizontal",
    "width": 300,
    "collapsed": true
  },
  "left-ribbon": {
    "hiddenItems": {
      "switcher:Open quick switcher": false,
      "graph:Open graph view": false,
      "canvas:Create new canvas": false,
      "daily-notes:Open today's daily note": false,
      "templates:Insert template": false,
      "command-palette:Open command palette": false
    }
  },
  "active": "7dfa21832a03fa87",
  "lastOpenFiles": [
    "Drafts/Draft3.pdf",
    "Drafts/Draft2.pdf",
    "SynthesisPaper_DEAN.pdf",
    "Draft3.pdf",
    "Draft2.pdf",
    "Conclusion.md",
    "sources/code-pointer-tegridy.pdf",
    "Literature Review.md",
    "sources/robust-cpp.pdf",
    "sources/close-to-safe-cpp.pdf",
    "sources/formal-compile-unsafe.pdf",
    "sources/runtime-rust-broked.pdf",
    "sources/runtime-rust.pdf",
    "Introduction.md",
    "Abstract.md",
    "Unsafe Rust.md",
    "Background.md",
    "Rust.md",
    "Borrow Checker.md",
    "Examples of Vulnerabilities.md",
    "README.md",
    "Alternative Solutions.md",
    "Safety Features in Rust.md",
    "figures/Examples of Vulnerabilities.png",
    "Untitled.canvas",
    "figures/use-after-free-bug.png",
    "figures/overflow-fail.png",
    "figures/overflow-win.png",
    "figures/rust-compile-fail.png",
    "figures/rust-overflow.png",
    "figures/safe-diagram.drawio.png",
    "C and C++.md"
  ]
}